frequency,amplitude
1,1
2,0.50802462
3,0.09335369
4,0.2224578
5,0.1022468
6,0.06064201
7,0.10478629
8,0.08435532
9,0.04454205
10,0.03079157
