frequency,amplitude
1,1
2,0.70794578
3,0.57843641
4,0.50118723
5,0.44844665
6,0.40950162
7,0.37922483
8,0.35481339
9,0.33458868
10,0.31747592
