frequency,amplitude
1,1
2,0.44668359
3,0.27878097
4,0.19952623
5,0.15393067
6,0.12452689
7,0.10409402
8,0.08912509
9,0.07771883
10,0.06875831
