frequency,amplitude
1,1
2,0.59914125
3,0.02003767
4,0.2263447
5,0.0306558
6,0.01619145
7,0.03819851
8,0.01037109
9,0.00360784
10,0.0070106
