frequency,amplitude
1,1
2,0.79432823
3,0.6942306
4,0.63095734
5,0.585878
6,0.55144696
7,0.52391943
8,0.50118723
9,0.48195612
10,0.46537944
