frequency,amplitude
1,0.65732114
2,1
3,0.2528986
4,0.09197179
5,0.14976422
6,0.05950776
7,0.05777132
8,0.05372968
9,0.0176084
10,0.00506495
