frequency,amplitude
1,1
2,0.25118864
3,0.11194959
4,0.06309573
5,0.04044298
6,0.02812047
7,0.02068174
8,0.01584893
9,0.01253271
10,0.01015882
